Driver ID,real_acc_rate,real_earnings,Real accepted rides,obf_acc_rate,obf_earnings,Obf accepted rides,Drivers RHS Util
3,,0,0,0.08333333333333333,24.299999999999997,1,-24.299999999999997
27,1.0,22.254166666666666,1,,0,0,22.254166666666666
