Obfuscation class,avg_real_acc_rate,avg_real_accepted_rides,avg_real_earnings,std_real_earnings,avg_obf_acc_rate,avg_obf_accepted_rides,avg_obf_earnings,std_obf_earnings,rhs_util_d
1000.0,0.5833333333333334,1.0625,24.66783854166667,23.864953589332803,0.5260416666666666,0.8125,21.404947916666668,26.84562451896509,3.2628906250000007
