Obfuscation class,avg_real_acc_rate,avg_real_accepted_rides,avg_real_earnings,std_real_earnings,avg_obf_acc_rate,avg_obf_accepted_rides,avg_obf_earnings,std_obf_earnings,rhs_util_d
1000.0,0.6124999999999999,1.0833333333333333,25.158940972222222,26.916073987008577,0.41874999999999996,0.9166666666666666,22.41158854166667,23.755864334875138,2.7473524305555515
