Driver ID,real_acc_rate,real_earnings,Real accepted rides,obf_acc_rate,obf_earnings,Obf accepted rides,Drivers RHS Util
0,1.0,21.014583333333334,1,,0,0,21.014583333333334
7,1.0,23.693749999999998,1,1.0,23.727083333333333,1,-0.03333333333333499
9,1.0,16.933333333333334,1,,0,0,16.933333333333334
17,,0,0,1.0,19.537499999999998,1,-19.537499999999998
22,1.0,60.454166666666666,2,1.0,30.691666666666666,1,29.7625
27,1.0,22.670833333333334,1,1.0,24.27708333333333,1,-1.6062499999999957
43,,0,0,1.0,22.016666666666666,1,-22.016666666666666
46,1.0,15.0,1,,0,0,15.0
