Rider ID,obfuscated_trials,obfuscated_extras,real_trials,obf_ride_complete,real_ride_complete,ride_request_time,obf_time_to_accept,obf_loc time to start ride,real_time_to_accept,real_loc time to start ride,generic_util,RHS_util,real_loc num drivers,real_loc avg_driver_dist,real_acc_rate,real_loc surge,obf_loc num drivers,obf_loc avg_driver_dist,obf_acc_rate,obf_loc surge,obf-real ETA,Privacy Level,Avg min real ETA,Avg min obf ETA,Real accept eta_tolerance,Obf accept eta_tolerance,Real accept_eta,Obf accept_eta,Euclidean QL,Expected Gen QL,Expected Tai QL
15,1,0,1,1,1,12,15,578.1,13,373.8,500.0,204.3,5.0,203.64000000000001,0.2,1.0,4.0,380.825,0.0,1.0,324.6,1.4,63.8,268.1,400,400,63.8,268.1,1931.021199667454,0.0002384475330219613,2.5227496728040062e-05
49,1,0,1,1,1,0,3,453.2,1,453.2,500.0,0.0,5.0,281.74,0.0,1.0,5.0,279.32,0.0,1.0,236.5,1.4,143.2,143.2,400,400,143.2,143.2,1128.0732184969859,0.00023911647684513753,0.0
49,1,0,1,1,1,14,17,693.1,15,310,500.0,383.1,12.0,181.99166666666667,0.16666666666666666,1.0,7.0,464.37142857142857,0.0,1.0,540.7,1.4,0.0,383.1,400,400,0,383.1,3871.860817860144,0.00012951001904268954,1.2814326399954424e-05
53,1,0,1,1,1,6,9,449.3,7,449.3,500.0,0.0,3.0,247.33333333333334,0.0,1.0,5.0,331.4,0.0,1.0,318.8,1.4,139.3,139.3,400,400,139.3,139.3,1669.204007212084,0.0002458288642086165,0.0
77,1,0,1,1,1,7,10,415.8,8,415.8,500.0,0.0,5.0,231.85999999999999,0.2,1.0,6.0,312.05,0.16666666666666666,1.0,368,1.4,105.8,105.8,400,400,105.8,105.8,2107.177842338338,0.0002311128719727421,0.0
"

"
