Obfuscation class,avg_real_acc_rate,avg_real_accepted_rides,avg_real_earnings,std_real_earnings,avg_obf_acc_rate,avg_obf_accepted_rides,avg_obf_earnings,std_obf_earnings,rhs_util_d
500.0,0.5416666666666666,1.0208333333333333,23.296527777777772,25.31673078973696,0.5833333333333334,0.9375,21.838498263888894,23.970854057677666,1.458029513888878
