Driver ID,real_acc_rate,real_earnings,Real accepted rides,obf_acc_rate,obf_earnings,Obf accepted rides,Drivers RHS Util
3,1.0,27.072916666666664,1,,0,0,27.072916666666664
42,,0,0,0.058823529411764705,18.122916666666665,1,-18.122916666666665
