Rider ID,obfuscated_trials,obfuscated_extras,real_trials,obf_ride_complete,real_ride_complete,ride_request_time,obf_time_to_accept,obf_loc time to start ride,real_time_to_accept,real_loc time to start ride,generic_util,RHS_util,real_loc num drivers,real_loc avg_driver_dist,real_acc_rate,real_loc surge,obf_loc num drivers,obf_loc avg_driver_dist,obf_acc_rate,obf_loc surge,obf-real ETA,Privacy Level,Avg min real ETA,Avg min obf ETA,Real accept eta_tolerance,Obf accept eta_tolerance,Real accept_eta,Obf accept_eta,Euclidean QL,Expected Gen QL,Expected Tai QL
1,1,0,1,1,1,65,68,569,66,487.7,1000.0,81.30000000000001,5.0,299.15999999999997,0.0,1.0,2.0,341.6,0.0,1.0,107.3,1.4,177.7,259.0,400,400,177.7,259,545.4977702823883,5.140187157154949e-05,7.660841870359327e-06
2,1,0,1,1,1,58,61,485.2,59,403.2,1000.0,82.0,5.0,211.1,0.0,1.0,6.0,275.55,0.0,1.0,317.3,1.4,93.2,175.2,400,400,93.2,175.2,2249.6829232726946,0.00011947527403734275,4.3548236819125146e-06
16,5,13,1,1,1,57,80,2176.1,58,571.9,1000.0,1604.1999999999998,7.0,419.9142857142857,0.0,1.0,4.0,603.9750000000001,0.012563036378825854,1.0,803,1.4,261.9,466.1,400,500,261.9,466.1,1280.1523997821614,9.420934605956328e-05,0.00011805675087940211
33,1,0,1,1,1,70,73,568,71,431,1000.0,137,5.0,260.06000000000006,0.0,1.0,2.0,259.4,0.0,1.0,329,1.4,121.0,258.0,400,400,121,258,1797.8039100227531,0.00011115557172826058,8.47050851423444e-06
49,1,0,1,1,1,64,67,525.9,65,525.9,1000.0,0.0,5.0,328.44,0.0,1.0,3.0,345.0333333333333,0.0,1.0,438.7,1.4,215.9,215.9,400,400,215.9,215.9,2940.57052196124,0.00012377424195795882,0.0
63,18,14,1,1,1,0,54,7029.8,1,437.7,1000.0,6592.1,7.0,280.78571428571433,0.0,1.0,1.0,1109.7999999999997,0.0,-1.0,1467.4,1.4,127.7,1109.7999999999997,400,1150,127.7,1109.8,10639.386101034,3.358168224445879e-05,2.080700948546104e-05
"

"
